<?xml version="1.0" encoding="UTF-8" ?>
<!DOCTYPE configuration
        PUBLIC "-//mybatis.org//DTD Config 3.0//EN"
        "http://mybatis.org/dtd/mybatis-3-config.dtd">

<configuration>
    <settings>
        <setting name="logImpl" value="STDOUT_LOGGING"/>
    </settings>
    <typeAliases>
        <package name="com.homework.domain"/>
    </typeAliases>
    <environments default="development">
        <environment id="development">
            <transactionManager type="JDBC"/>
            <dataSource type="POOLED">
                <!--记住修改为当前使用的数据库！！！-->
                <property name="driver" value="com.mysql.cj.jdbc.Driver"/>
                <property name="url" value="jdbc:mysql://127.0.0.1:3306/mybatis"/>
                <property name="username" value="root"/>
                <property name="password" value="Pan818799"/>
            </dataSource>
        </environment>
    </environments>
    <mappers>
        <!--获取SQL映射文件的地址-->
    <package name="com.homework.Dao"/>
    </mappers>
</configuration>