<?xml version="1.0" encoding="UTF-8" ?>
<!DOCTYPE mapper
        PUBLIC "-//mybatis.org//DTD Mapper 3.0//EN"
        "http://mybatis.org/dtd/mybatis-3-mapper.dtd">
<!--mybatis-3-mapper.dtd是约束文件的名称，用来规定我们代码的格式-->
<mapper namespace="com.myweb.Dao.loginDao">
    <!--mapper是根标签   namespace是命名空间，内容应为Dao接口的全限定名称-->
    <select id="select" resultType="login">
        select *from login
   </select>
    <insert id="insert">
        insert into login values(#{user},#{password},#{Ad},#{Te},#{Stu})
    </insert>
    <update id="update">
        update login set password=#{password} where user=#{user}
    </update>
    <delete id="delete">
        delete from login where user=#{user}
    </delete>
    <select id="select1" resultType="login">
        select * from login where user=#{user}
    </select>
    <select id="login" resultType="login">
        select * from login where user=#{user} and password=#{password}
    </select>

</mapper>