<?xml version="1.0" encoding="UTF-8" ?>
<!DOCTYPE mapper
        PUBLIC "-//mybatis.org//DTD Mapper 3.0//EN"
        "http://mybatis.org/dtd/mybatis-3-mapper.dtd">
<!--mybatis-3-mapper.dtd是约束文件的名称，用来规定我们代码的格式-->
<mapper namespace="com.myweb.Dao.stuDao">
    <sql id="select">
        select * from stu
    </sql>
    <!--mapper是根标签   namespace是命名空间，内容应为Dao接口的全限定名称-->
    <select id="selectByAd" resultType="stu">
        select *from stu
   </select>
    <select id="selectByTe" resultType="stu">
        select  *from stu where sclass=#{Te}
    </select>
    <select id="selectByStu" resultType="stu">
        select  *from stu where id =#{user}
    </select>
    <insert id="insert">
        insert into stu values (#{id},#{cname},#{ename},#{tel},#{sclass},#{semester},#{mid},#{end},#{status})
    </insert>
    <update id="update">
        update stu set cname=#{cname},ename=#{ename},tel=#{tel},sclass=#{sclass},
                       semester=#{semester},mid=#{mid},end=#{end},status=#{status} where id=#{id}
    </update>
    <update id="updateByStu">
        update stu set cname=#{cname},ename=#{ename},tel=#{tel} where id=#{id}
    </update>
    <delete id="delete">
        delete from stu where id=#{id}
    </delete>
    <select id="selectByClass" resultType="stu">
        <include refid="select"/> where sclass=#{sclass}
    </select>
    <select id="selectByCname" resultType="stu">
        <include refid="select"/> where cname=#{cname}
    </select>
</mapper>