<?xml version="1.0" encoding="UTF-8" ?>
<!DOCTYPE mapper
        PUBLIC "-//mybatis.org//DTD Mapper 3.0//EN"
        "http://mybatis.org/dtd/mybatis-3-mapper.dtd">
<!--mybatis-3-mapper.dtd是约束文件的名称，用来规定我们代码的格式-->
<mapper namespace="com.homework.Dao.homeworkDao">
    <!--mapper是根标签   namespace是命名空间，内容应为Dao接口的全限定名称-->
    <select id="select" resultType="homework">
        select *from homework
   </select>
    <insert id="insert">
        insert into homework values (#{name},#{stu})
    </insert>
    <update id="update">
        update homework set stu=#{stu} where name=#{name}
    </update>
    <delete id="delete">
        delete from homework where name=#{name}
    </delete>
    <select id="selectByLike" resultType="homework">
        select * from homework where name like #{like}
    </select>

</mapper>