<?xml version="1.0" encoding="UTF-8" ?>
<!DOCTYPE configuration
        PUBLIC "-//mybatis.org//DTD Config 3.0//EN"
        "http://mybatis.org/dtd/mybatis-3-config.dtd">

<configuration>
    <settings>
        <setting name="logImpl" value="STDOUT_LOGGING"/>
    </settings>

    <typeAliases>

        <package name="com.myweb.domain"/>
    </typeAliases>
    <plugins>
        <plugin interceptor="com.github.pagehelper.PageInterceptor"/>
    </plugins>
    <mappers>

        <package name="com.myweb.Dao"/>
        <!--获取SQL映射文件的地址-->
    </mappers>
</configuration>